<?xml version="1.0"?>
<!--
/**
 * Copyright © 2016 Magento. All rights reserved.
 * See COPYING.txt for license details.
 */
-->
<config xmlns:xsi="http://www.w3.org/2001/XMLSchema-instance" xsi:noNamespaceSchemaLocation="urn:magento:module:Magento_Config:etc/system_file.xsd">
    <system>
        <tab id="mage2kish" translate="label" sortOrder="99999">
            <label>Mage2kish extensions</label>
        </tab>
        <section id="storelocator" translate="label" type="text" sortOrder="0" showInDefault="1" showInWebsite="1" showInStore="1">
            <label>Store Locator</label>
            <tab>mage2kish</tab>
            <resource>Mage2kish_StoreLocator::storelocator</resource>
            <group id="general" translate="label" type="text" sortOrder="1" showInDefault="1" showInWebsite="1" showInStore="1">
                <label>General configuration</label>
                <field id="enabled" translate="label comment" type="select" sortOrder="10" showInDefault="1" showInWebsite="1" showInStore="1" canRestore="1">
                    <label>Enabled</label>
                    <source_model>Magento\Config\Model\Config\Source\Yesno</source_model>
                </field>
                <field id="default_radius" translate="label" type="text" sortOrder="20" showInDefault="1" showInWebsite="1" showInStore="1" canRestore="1">
                    <label>Default radius</label>
                </field>
                <field id="distance_units" translate="label" type="select" sortOrder="30" showInDefault="1" showInWebsite="1" showInStore="1" canRestore="1">
                    <label>Distance units</label>
                    <source_model>Mage2kish\StoreLocator\Model\Config\Source\DistanceUnit</source_model>
                </field>
                <field id="locations_page_title" translate="label" type="text" sortOrder="20" showInDefault="1" showInWebsite="1" showInStore="1" canRestore="1">
                    <label>Locations page title</label>
                </field>
            </group>
            <group id="google" translate="label" type="text" sortOrder="2" showInDefault="1" showInWebsite="1" showInStore="1">
                <label>Google</label>
                <field id="google_maps_api_key" translate="label" type="text" sortOrder="10" showInDefault="1" showInWebsite="1" showInStore="1">
                    <label>Google Map API key</label>
                </field>
                <field id="google_maps_map_styles" translate="label" type="text" sortOrder="10" showInDefault="1" showInWebsite="1" showInStore="1" canRestore="1">
                    <label>Map styles</label>
                </field>
            </group>
        </section>
    </system>
</config>
