<?xml version="1.0"?>
<!--
/**
 * Copyright © 2016 Magento. All rights reserved.
 * See COPYING.txt for license details.
 */
-->
<config xmlns:xsi="http://www.w3.org/2001/XMLSchema-instance" xsi:noNamespaceSchemaLocation="urn:magento:framework:Acl/etc/acl.xsd">
    <acl>
        <resources>
            <resource id="Magento_Backend::admin">
                <resource id="Magento_Backend::content">
                    <resource id="Mage2kish_StoreLocator::storelocator" title="Store Locator">
                        <resource id="Mage2kish_StoreLocator::location" title="Locations" translate="title" sortOrder="10">
                            <resource id="Mage2kish_StoreLocator::location_save" title="Save Location" translate="title" sortOrder="10" />
                            <resource id="Mage2kish_StoreLocator::location_delete" title="Delete Location" translate="title" sortOrder="20" />
                        </resource>
                    </resource>
                </resource>
            </resource>
        </resources>
    </acl>
</config>
