<?xml version="1.0"?>
<!--
/**
 * Copyright © 2016 Magento. All rights reserved.
 * See COPYING.txt for license details.
 */
-->
<config xmlns:xsi="http://www.w3.org/2001/XMLSchema-instance" xsi:noNamespaceSchemaLocation="urn:magento:framework:ObjectManager/etc/config.xsd">
    <preference for="Mage2kish\StoreLocator\Api\Data\LocationInterface"
                type="Mage2kish\StoreLocator\Model\Location" />
    <preference for="Mage2kish\StoreLocator\Api\Data\LocationSearchResultsInterface"
                type="Magento\Framework\Api\SearchResults" />
    <preference for="Mage2kish\StoreLocator\Api\LocationRepositoryInterface"
                type="Mage2kish\StoreLocator\Model\LocationRepository" />
    <type name="Magento\Framework\EntityManager\MetadataPool">
        <arguments>
            <argument name="metadata" xsi:type="array">
                <item name="Mage2kish\StoreLocator\Api\Data\LocationInterface" xsi:type="array">
                    <item name="entityTableName" xsi:type="string">mage2kish_storelocator_location</item>
                    <item name="identifierField" xsi:type="string">location_id</item>
                </item>
            </argument>
        </arguments>
    </type>
    <type name="Magento\Framework\EntityManager\Operation\ExtensionPool">
        <arguments>
            <argument name="extensionActions" xsi:type="array">
                <item name="Mage2kish\StoreLocator\Api\Data\LocationInterface" xsi:type="array">
                    <item name="read" xsi:type="array">
                        <item name="storeReader" xsi:type="string">Mage2kish\StoreLocator\Model\ResourceModel\Location\Relation\Store\ReadHandler</item>
                    </item>
                    <item name="create" xsi:type="array">
                        <item name="storeCreator" xsi:type="string">Mage2kish\StoreLocator\Model\ResourceModel\Location\Relation\Store\SaveHandler</item>
                    </item>
                    <item name="update" xsi:type="array">
                        <item name="storeUpdater" xsi:type="string">Mage2kish\StoreLocator\Model\ResourceModel\Location\Relation\Store\SaveHandler</item>
                    </item>
                </item>
            </argument>
        </arguments>
    </type>
    <type name="Magento\Framework\View\Element\UiComponent\DataProvider\CollectionFactory">
        <arguments>
            <argument name="collections" xsi:type="array">
                <item name="storelocator_location_listing_data_source" xsi:type="string">Mage2kish\StoreLocator\Model\ResourceModel\Location\Grid\Collection</item>
            </argument>
        </arguments>
    </type>
    <type name="Mage2kish\StoreLocator\Model\ResourceModel\Location\Grid\Collection">
        <arguments>
            <argument name="mainTable" xsi:type="string">mage2kish_storelocator_location</argument>
            <argument name="eventPrefix" xsi:type="string">storelocator_location_grid_collection</argument>
            <argument name="eventObject" xsi:type="string">location_grid_collection</argument>
            <argument name="resourceModel" xsi:type="string">Mage2kish\StoreLocator\Model\ResourceModel\Location</argument>
        </arguments>
    </type>
    <type name="Magento\Framework\Console\CommandList">
        <arguments>
            <argument name="commands" xsi:type="array">
                <item name="mage2kish_storelocator_generate" xsi:type="object">Mage2kish\StoreLocator\Console\Command\GenerateLocations</item>
            </argument>
        </arguments>
    </type>
</config>
